label,image_url
rice,https://c0.wallpaperflare.com/preview/674/919/828/rice-rice-seeds-agriculture-harvesting.jpg
maize,https://encrypted-tbn0.gstatic.com/images?q=tbn:ANd9GcSgI--xfWGBiWXBEMLsOgxr4bjSOA3nSu7H1Q&usqp=CAU
chickpea,https://media.istockphoto.com/id/647289202/photo/chickpeas-in-a-bowl.jpg?s=612x612&w=0&k=20&c=e9rOBg3IqTBqaVAIoFwQs_hgPR8FNkdXXEj6Um4Q6ww=
kidneybeans,https://static.vecteezy.com/system/resources/previews/017/173/700/large_2x/red-beans-azuki-or-red-kidney-bean-grain-seed-on-basket-and-cup-spoon-free-photo.JPG
pigeonpeas,https://qph.cf2.quoracdn.net/main-qimg-6b9b43cf89572b324bbdfe6bc523484a-lq
mothbeans,https://thumbs.dreamstime.com/b/closeup-moth-beans-indian-name-matki-lesser-known-legume-53199898.jpg
mungbean,https://www.activearthfood.com.au/cdn/shop/products/mung.jpg?v=1593175170
blackgram,https://t3.ftcdn.net/jpg/04/09/72/22/360_F_409722201_yAY1FxAGLBRUaM01n8ZkPREBGucPjeQX.jpg
lentil,https://img.freepik.com/premium-photo/red-lentils-wooden-bowl-old-wooden-table-close-up-with-place-text-vegetarian-food_194017-642.jpg
pomegranate,https://img.freepik.com/premium-photo/pomegranates-wooden-table-with-leaves-fruit-background_865967-148417.jpg
banana,https://dmrqkbkq8el9i.cloudfront.net/Pictures/480xany/3/3/1/142331_ThinkstockPhotos-88014639-copy.jpg
mango,https://encrypted-tbn0.gstatic.com/images?q=tbn:ANd9GcT_qzoG3fW2VCtsTvT0Iv4ic-Z3w7ygeLXujQ&usqp=CAU
grapes,"data:image/jpeg;base64,/9j/4AAQSkZJRgABAQAAAQABAAD/2wCEAAkGBxMSEhUSEhMWFRUVFRUWFRUVFxcVFxcXFRUXFxYVGBgYHSggGBolHRcVIjEhJSkrLi4uGB8zODMtNygtLisBCgoKDg0OGxAQGi0lHyUtLS0tLS0tLS0tLS0tLS0tLS0tLS0tLS0tLS0tLS0tLS0tLS0tLS0tLS0tLS0tLS0tLf/AABEIALEBHAMBIgACEQEDEQH/xAAbAAABBQEBAAAAAAAAAAAAAAAAAQIEBQYDB//EADoQAAEDAgMFBgUDAgYDAAAAAAEAAhEDIQQSMQVBUWFxBiKBkbHwEzKhwdFCUuEUIzNicoKi8UOSsv/EABsBAAIDAQEBAAAAAAAAAAAAAAABAgMEBQYH/8QAMBEAAgECAwYFBAIDAQAAAAAAAAECAxEEITEFEkFRYfATcYGRsSLB0eEUoTJC8VL/2gAMAwEAAhEDEQA/APcEIQgAQhCABCEIARCEIARIlKagBEISIAE1OSIAJXOpVDdVDxeODSY/T6qmxVZzjZ0HMDOsjePELj43a8aL3IZssjTvqXwxzN9vRSAeCzWJaQA6UYLaZpuv8u8fcc1noba3anh4hW6/kHTyyNJKENfIBFwbg8khK9AVgUiVIgBEqEIASUIRKAEKQpUIAamkJ5TUAJCSE5IUANISJxKRACJEqEAWyEiEAKhYPtvVqjENDhVNE0gWZMxaKgcc2YN3xluTC0PZza7K1NrZGdrRImZi0gkCfJUqtF1Nzj8jsXaRCFcIEITUAKU1KkKAEKRBSWQAJrzAJ4ApS5I90242QBksRWlx6poco9V0PI0h3sJRUXzKrvKpK+t2bFoS31idVDqGUrqq4/FkpyqSn/kxaGp2DWzUh/lJA6a/dWEqt2JRy0QT+ol3gbD0+qml6+h4JTWGp7+u6vgyvXI6ykJ8VxfUjUqDi9pWyt09VXi8bTw6+p5jUWyXiMTG+On5VZiNoPB7rj0Nx9VFqPcVEqGF5bF7TxEneLa63ZfGCNPs/GiqNIcPmHoRyUlZ7Yru+RxBV0AvTbLxU8Tho1J65p9bcfUpqRUZZHZBXHMkLua6BA6pFylElAHRC4nqhAHUpFzzJhcUAdkLjfijMgC7SIKSEAV+3sOKlB4iSGlw6gT6SvM8NmkgGDujn06r1wtXmm3tk1cPUkNJpzLXjTkCdxsFxdsUZSUakeGvTvNEZK5seyGIfUwzTUJJDntBOpDXEAk7/wCFdSsfsDtI1rG06jAGtsC3cNbg+Nx5LT4fG06nyPafG/kVuwmJpVYJQld2Xn7PP5JIkyiUJsLYASkKISEIAaUhTiFzeY1SbS1AVMJi5KbUrsaC5zgANSdFn37U/rC+hh/8O7atYi1xdjB+p0eA8gap14QWt3y74dRXOPah1JjmVA8f3TFriQ0nMSLNEDUwPNU3xYK0lHYuHosytbnMZc1Q5zHjYDkAqrFYJugAAGgbFuERZeP2tCCq79rX1tmr/v25F0G7ZlTiKtSW5coF8xdMjhAGv0XegLXMnj/Cr9rbMc6qwh7m0gHB9NhiXASwneWnQt5iIVhTKwzilBNNO/efX7WJXZLZUdM5ne+iscNtR7dTmHBxn6m6rqQlD2qyjiq9L6oSfv8AYW6mXmPxoeG5eHkTuVY5yitrZQSbgXIt97KPsbabcU57KTX5mGCHNyiD8rg7QtMGLqOJlXxlV1LN6ZJdLfYnG0VYtG4q3BRqlSSpOJ2dUbrA8VAa2DEXUa8K0UlVTVhq3Autgt7zjwb6/wDRVwuWy8HkZBsdXHhaw8Au1Wo0HUleuwKWDwkY1Nc2/Nu9vTR9SmT3pZDYSwVwOJHD6lcqj3EEiRG8KT2rTWkW/L92BUyWmkLhs3F/EzNcLtIv+4Hf9lMMcFvoV4V6aqQeT7/rQg007M4wUQV1SFWgciCkyrqkQBzy9UZeS6QhAFshCRAhZSFCEAUuN7L0KhzNBpO4sMDxbp5QqOv2XxFP/Dc2qBzNN0Tpw+q2yFkq4GhUzcc+mX6fqmJowR2hiMPZ7ajAOMub56f9rvhu1VR2hadLEX56afwtvKzXarZTPgmtTY1tSmQ6WgAubo4GBexnwWSpg61KLdKo7JaP7Wy9LCs1mQX9rajfma0Gd/DdvXM9teBB6NJ+ysuydCm+k55Y1zviOGYtaTAAgDgFdYvA0qjclSmx7eDmgj+EUqGKnBSdbXhb8NfAO5i6nbh40aDp+kx10Vbiu31X9v0Km7d7FUyH/wBOXUakOLGhxNMmO6CDcDoVEwmyMSyiwOxIDy0Z6b6batNrou0E6gaSuRXxUqbaq1Hk7cfwwVOq9O/gzW2+1T8SWseSxgN8vdmdZ4r0nAMp0aLW0hlblBA33EmeJkm6882n2ZrYio5rmUabWiPiMGQPJAILWtJ03yAt9iYEjgAPpb7KqeKh4blTkm8r5802vj0sSpU5JveCpjDPHr6JlXTMPNRC66txT/tHXTlEW8xH2WHCqeI3t5vJXXmX6Gex+i4UlKxosVBw7xMLNFfSPiTqUqwqYcZJHDlOnJQByXZ1d2WJteysoTglJSWqBoj1KZLXBty5rgLgXItcggdSCrTCNp4am2jT4iTMFzibuPl5QFXPq5RO/d+LrjSrFxDneRv01WvC4nwaLfFv7K5JJalzi8VnJi6q/iuY/M2xHqpeBeMwkn1KkbXoNHebodR5Sr14lSHjxlmncjksivdtOsNKjo1vB+ikUNqu0eJ56HyUGhTBdlnWSDz4fRNcIWSpUqL673XV39MwL4Ylrh3T74FMqYncqqlUiPr0+6tsDs9zzLrN9eiIKviJblFZvXp59Oo7pK7JeyqfzO5R91YFLTphogaIXtMFhv41GNLl8t3f9solK7uNSJ6QrURGwkhPhEIAbCITikQBZoSSiUACAiUIAEJEIAVcsVRzsez9zXN8wQuiQo8wM52Iqf2ns3h+Y/75B/5NctCXrIYCoMPjn0zAFVzmzIk/+RnWM8f71oMVicvMnQTz1WLC1FChaX+l4v0091YFmdMZSDxwduP55KKKVNmozu56TyC5VcbFh481Ha4uuSuTi8RSlV34QTlzav8AOV+tr9SxXta52xNJrr5R4CPRU2JcQeM/a0K6xVVoGVuu8+OipdqVMrC6NLx43XE2jUfiqKlfS/n+UTisjkFK/qzlI5BVuHxDXCQZHp14J7a4kjhG4xfnxWSnOdNu3qS1DFaLOsrGS4HerDaO0Q5xpMMuA7xG4aR1UAULLRTVld8fghIs8LtNsQ63PULt/VtmzpEaAGZ67uip24cqXhaMKEqUOAbxz2tjMuWo75Wug8g7u5j0MHpKl0KshQ+0FKaLwxpLjlAA4lwHvoqPAvxlF7GOw7jTIu4uYHNuYgT3hy5rSsM50rr/AFvx9ePH5BTSZsWuT6lcnXcq2ltFn6jlPB3d9V0dtJm5wPQgrLu1Fkky1NM7h8X5GPJAcoAxocZXRuJTcZbtrd9ojqyzwwkgara02QAOAA8gsfsjGUqZz1MzjuDRpzJJCvGbfpH946tH2K9BsaVHDwlKpUinLhdZJc/XMhUu8kWqFHoY2m8w14ngbHyK7r0UZKSvF3XQpFSQmudHXcBqVHxT3AahvLU+arq14U1d9/Yai2SoSQqCriXahzvM+i7YHaxkNqXkwHaR/q5c1z6O2sPUqqm7pvRvT37XUtdCSVy6hIiELrFJPSJUiABLKRIEAKhNShAAkKCU2UAee9rsYfiBwZkc2o0w+zgAAC+WzezY42urvFYsVIqt0c0Zd9iAfWfJUfaCk6p/WCqQX06JhwGUd17C0xJvkyg+Kpewu2HVaLqT/wDxuGV0j9eZ2WJmQQ49Oi8vjJVVTqyWjbftKUff9ciNOX125mtZXvddziQGkcfBVwkXXJzlwqdecV53NDLIYhZztdtgUabe6XZnwWtN8oElw6W81YmtA+32Uba+AeWA2JuYm4mJHopUYuUlKSul3320m+BnMLiG1QX0nkEAHgRPRcMbi6oaRncd2p3+qrcTsbFCsKuDpuBuakw1hAIlt95voFMxbnFoa5uVxOZwmY4Cfr4rq+DFOMtU+drrz/JXd8Tr2VZJqk69z6ly0jKcrKbFxQpVINmvEE8CND6jxWtpVAsmMuqm9wZZDQkNaANPfv0TG80PcFAxW0G5hTB78SR+0E6nrwWaKcsiTO9eoXOaGmMpmRx/hSjhKlQTJceZJNlFpNVvgMTkBufD0Wii4yluybUehCxmsdg8wIdoVnKhdScWnUehEg+ULe41ocJiF5r2wxbxiAxsCWMuR/mdI65QFpwkXKfh34XIyyVy82OXVCSSWtG8el1cYWDcTG6fVZ7Ze1WVGPFPRkNJtBJaCYjrBV3syr3GyLxHv6KnExkm7q3QsjoWLGlS6ZKi0n7lPovWB6lqY2pTNj6qz2XtlzZY/vW7hPHgTwXHF4oZYAv9lUvecwI98IWynWlhat6MuGfLv4E1vLM1p2gGA/uOpKgOrlx1Vaa03N9660asHxVNbG1K0lvuyXfuTUUlkWlXCgNzHWJEqtdddsRjS7oooMmOKoxTpzlamsvksjfiarAvzU2k6xfwt9l3XHCMysaOA9b/AHXSV9Co7ypxUtbK/nY58tWT5QlRKtEIkhOhI8gCTuQA1zo1XN+IA1B+irK+0YJPkoorvebX+y5dXacVLdhm/K47F46uMuabeGvBZvbvbDD4ZpL3ZnCO42Sb6WHXUrrtbZ1V9Et+L8Mg5p3f7uUFYbtP2fqNwraNE0xmez49YmS6dXGROps2d4VOIxtW8Va17X6c3x08hNO10ddr1qlYuL2Pa6oZezDua9wYQIaQNZBpzAN1kKmyMuLoU8z8MCS+k5ha9xdLg0uJtJjLlg6wRcrSY7AGs1uWs8FoY3vG9UMjvPcL5iRr9OF7gtjUsQKNbFMLRTM02Awd0ExukW46rm0as5PdUtb7z5XT56593IbvFDBiXCxHHxG48rJpxAV1i2NJOUWkb9FBq0rWHiuTOkoSss/LvT3L7nHCMLnAnwBt4qfX0OYGRxO7X7/VVwqEEEWhSn4su+aJNz477K6i4bj3tf6EyPgMYaLyHXpv7rhrE6OCy2PZL3EaSY6Cw+ivMY+bAXVBSfMxe5V9OrJ01F6LT1AqcVSXXC7Sq07DvADR026FS69LkkbQG9aN+LjaSuRzQj9r1XiCQz/Tr5lV+x8VGKDdS5jtd5BBk/VG18UykOJMw2dTpJ4ALNbPxuTEU6zjo8Zjwae6fAAlaKOGUqct1WusvPgKUs0eu0ypjRIKgUDN1Py2J6LhxV7+T+C841qlo4epvCwxqf1FbEN+F8amIytmO+yGjxkEzIsfPaVG5pbJEgiRqJ3jmmYPCMpNDKbQ1rbAD1PE81fSqqmnK2btbpbiRlG+R583YmK+Kx1PDCjTY7M5jHtIdxkZgCYmDfctVhakd0iI42K0TaNpUHGYYPbwcPlPD+FOri3UsppLyv8A3dsSjY4sqqfRqFZuljIsdRY9d6lN2mFTUoyLFJF+5/Ergx+YaQSTYkaTaY5XWfr9oG2a1wc4kACREmwlXdCpYKuVCVNfUiaaZfYHBU47778N3qulag0aQR4qroVFYYSrBBN+RT8eDSg4JddSSRGc2+hU7ZdEF7cxABNp3ngmYyHuloi4IA3EfZRHk/F1+VxA5AFOgqUKm+/qUZJdH19l72vkN3asbJLCax0gHiAfNOle+vcwlhKJRKJTAJVRtzGRDB1P2CtH1AASdwnyWO2hiMzi7iVydsYp0aNo6v4HFXGh+ZwHErv/AFpb3WWA38f5KhYN3eJ4Nnzt9011VeXWIlTpqSdnJv2XXq738i1ItG4gusUVWxIImbEG46RvCg4avF+C7YjESpvExlT3m/qCxVV9ngVAWj+3q4TYcgNYNvqpdStK541wgTxHiuTSsc685Jd37Vv7fEN1ImUXiZPkp+KwrAwFpvwPKQYjdZUwcpNJ5HT2PuteHxMVFwlG9+PLr3oRaIOJpKA6tlMK7rsmSNCqurgqJcX1ahbuygG8byRPIeCVKhepuNpLm2kvft9BN8Sq2jjsjTF3kEADdNsxWZw2K+HIixMmLGTqVJ2rtEVHPdRIFNhykZHGeDmu0IM/8SmbEwTjiGOrZTTIzU8tw85S4TBMAATffGq6caMacXFvL5I9Cyo0XvEhjgDpmga9SuG0cPiA3+3TDv8AcLeG9a9rJCT+nt/CweNJO6irev6HqeQYtrszviTn3hwg+R3KuZSzPy7t/wCF7BtXY9Os2KrJ4EWcOhGiweI7OVMPVJd36R+SpwM/K8bjfXQx4Lr4fHwmmnlLl+Px8kHAu9g7aDGhlSe6IDrm3Ax6q+O36Qb8+bk0Ek/hZBmF/hTKOFyid/osVWlTbclfMtUmX+ysY6oaj3Ny9/KG8AADfxJVnQErP9l6kmozfObzsfQea01KmudivpqNEkrkynSlvsqFicOZkD2VZ4XEFrCIF/NRfiGeSsnOnuRu8/glY822v2erVMa74T3MbZzocQ0EtvYamZUxnYum4RVq16nHM8hv/qFscgJd1+yk4SiHEBW/zK03GEHa1kv+kd1HndXsSyk9tWm53cc12QwR3SDYgTu5rWYUyArnFYQCQL6RGl1ncXNAhwEtJuOHRKrUq1mo1HdrQcUo6FzRCmsKoqG1aZ3kciCpdPaYNmNLuZEBYZUJt5ouUkXXx2025z4DidwUTZ7C5w4k69VCOYul8mbHkOIC0mysJlbm3nTourg8G60owWUVm+feWXrfMhKdsy8a0AAcE9Vja0Lt8ZevMpcXQShMefdlIDliTLXN4gjUbwsXVm43jdvWuqv5keA/KrcZs4PMyQ7jEz1Erk7VwEsTFOGq4c++2Si7FFhvldaJDbHW8phVodjva1zswdbQAzY/iVWwvKYzDVaKgqitk+X/AKfIujZ6CEkaCbj1XSUjQo+PxWQQLuIsOHMrJGnKWgyDtrEyQwbrn7D18wm4LaA0cYPE6H8KE5srhWMLaqcXFRKru5pmuXVgWPwuMqA9x0DhqPJWlLa7x+kHpIUXh918/wCh7xfVXjKsr2g2c2vdxc1waWscP0zqYNnK4p1nuyueIBkgdDqSo+Nqgw0WmPBaaUZ034knaXDvr8eZGeeRGOxKYoUvgBpJBFaTJJi7nGLumLxoYAiIXY3ZltE/EzlxIIie6JgnK3wG/wC6t8MYs3TcpVKnmIA5SramKliG7K18rLi8s++gKKQwsERpzBUihjg1hEQDrYE6QYlOx+Byht5G46boNvNQIgkKp1KmHnbjp33n1Ha49zc14idPS8KNXoAgtc2WkEEcQfRdm1I1KC6YAuSRYaqiTUs469/caMXRYA99MQ7I4tnfxEjdIg+KlVG93RQNt7IxNHEVK4aRmcTa4LdAHDfaF0wu12VO67uP4E28CunXoTg9PPo+IkhuGeaNQPHG44g6hbfDPDmhzTLSJB97+SyFbKf1DxKjnbL8NPw3TP6DcOPTd1ELLUo/yLW1Jp7p6Cbqr2ztBtCmXm50Y39zt3hx5LJv7WYrJ/bw9IG95cRe9myPVUY2w6s4/HJ+JwdYdG8By9UU9nTb3p2stbO5JzyPRdm1M7Gu/cAfMSrHCWcD6LMdjcaHNdSm7Lj/AEn8H1C04MFYqqdKs1yY9UT9pmYdvI4RdZ3bNMGmR0/+grR9UmxVNtzGMY6nSJAc+T4CwE8z6LQ6jrVt+K6itYrKWFWg2Y6wbaFBp0VIpCElXcZbw90sKhAlWmx6808pPym3Q6KhcZV1sSmcrncTbw/7XS2ZXc8TZLKzIzjaJNeeaTNzTzPs/wApsdfMr05QaGfcpCPcoEc0h8VMRxqU/chcCyN0+IXd/iolZ3X6IA7NfG4+YUHG7LY4y05DvFiPWyh4rGZbX+n5URmLJOp+iz16dOtHcqRuu/UabWgzbdF1Bgc0h0mCY+W1rT1WbcZMmSTvWsq4Zz2kTIOocqA7JxQcQKVMt3H4hb9iuFjNmSUk6EcuX7d7k1LmQiLKg2xjSJa3z/C2zOzzz/iPEftZMeLjc/RUvabYRayWiQOuirp7Pq01vzXoDsRsNhg0AcB6KXTYomysW2o0N/UBfwi/j+eSs6YXMqOSdpDGvJJ08FGr1O+0e7qXiqwY3M4gczbwHHosrtPajnO/tgj/ADEGeoB+6tpwlUkxM2tEruK/HldV2ycYK1MPFiLObwd+DqFNaPwscnKm3F5ErcSbXxRe0BxJi1+VlybrJiPum04NuCcRraOG9OU5ye+3d249O+g7HKlhq79KB6vc1o62kq72XsssOeoWl24N0HibkqxoO7jdflb6BI4r12H2dQotSirvqVuTI+JoBw4rLbZ7M0qsk0xPECD5ha0+9UxzJ3eq2ygpaiR5Pjux7ge4XAcJKfsrstldLgSfFenvwwO5I3DNG5UfxU3xJXKDD7Cbl0Hks32m7LNIzBtxy1+i9JAA3LjicMHgypzoKSshKR4tsxhw9VtWn8zbEGYI3tPJb3DbeoVBOcMO9tTunzNin7U7Ih5lljy+4lV1HsW/MMxkeX3XGxOzp1n9Sz5osUkX+CHxT3HAjiDI+i4be7FNrnOHnNAF9IGghXeyNmCi0ABWS3YTZtGhHS7er/BFzbZ53SwGMw3dLPjMHO4HI6+cqSzHg/NTqtPA03HyLZW6JTZUKuyaM3e7RJVWjMbPwrqrhDHBu9z25RHIEzPgtOGAANGgskL0wla8Lg6WHTUFrqyEpuWoFvu6Mvu6b70KT3otiIGhJSEpZ5ps81IQhUfEMUmea41RzQBUYjCSo7MGArZ7VHexQaAYwAJZTYSQkMemvpgiDcJQEoSsBQ47sjRqHM3NTdrLbX4pKPZdw1xNQjhDZ8yCVoUKiWFoyd3FDuyspbAoNvlzu/dUOc+Z0We7R9my/vNABGmi2yRzQdU54enKO7YLnkGEfUw1SQIOjmmwcOGn13LZ4LEsqtzsM8RvaeBCu9o7DpVhcCeKz7uyNVjs1GpHDcfoVxMZsuc81n1Wv7JxkTWu5KRgaRqOA3au6flR8NsbFGz30wOOWT+PotFs/CNotDQSeJOpVWD2TUc06v8AiuHPoOUssju73qubveqc5yYSF6cqGkJpTiQkITsA1CcQkJSAaQhOQgBspQU73vSe96dgCUmYJT7sUJWASUpQUiYB71/lIQlyngjKeCdgGx79hGX3b8J+U803IefvxRYC+f780h1QhSENK5VPyhCAI71wchCgwOT0zf4IQkMUJwQhAHRCEJoGKnIQgQBOGqEIQA5MKEJDG7lzQhJDYoSIQmIDu97kiEIGCAhCBCj7pChCAFKahCAEcn09QhCmIlpEITAahCEgP//Z"
watermelon,https://img.freepik.com/free-photo/watermelon-is-fruit-that-is-healthy-delicious_1340-26753.jpg?size=626&ext=jpg&ga=GA1.1.1826414947.1699574400&semt=ais
muskmelon,https://c4.wallpaperflare.com/wallpaper/165/537/237/food-lunch-closeup-fruit-wallpaper-preview.jpg
apple,"data:image/jpeg;base64,/9j/4AAQSkZJRgABAQAAAQABAAD/2wCEAAoHCBYVFRgWFhYYGRgaGhkaHBoaGhgaHBwYHBocGRkaGRwdIS4lHB4sHxwcJjgmKy8xNTU1HCQ7QDszPy40NTEBDAwMEA8QHxISHzQrJSs0NDQ0NDQ0NDQ0NDQ0NDQ0NDQ0NDQ0NDQ0NDQ0NDQ0NDQ0NDQ0NDQ0NjQ0NDQ0NDQ0NP/AABEIAMEBBQMBIgACEQEDEQH/xAAcAAABBQEBAQAAAAAAAAAAAAAAAQIEBQYDBwj/xAA9EAABAwIEAwUGBQQCAgIDAAABAAIRAyEEEjFBBVFhBiJxgZETMqGx0fBCUnLB4RRigvEHkjOiQ8IVFiP/xAAaAQACAwEBAAAAAAAAAAAAAAAAAgEDBAUG/8QALhEAAwACAQMCBQMDBQAAAAAAAAECAxEhBBIxIkETMlFhoQVxgZGx0RQjM1LB/9oADAMBAAIRAxEAPwD2JCEKQBCEIAEIQgAQhCABCESgAQiUIAEIQgAQhCABCFydiWAwXtB5FwB32nofQqAOqEB0iRcIQAIQhSAIQhAAhCEACESiUACEShAAhCEACEIQAIQhAAhCRzlABKi4/iNOi3NVe1g2LjEnkBqT0CzvE+0r3HJhGh5mDVN2jnkH4j/d7v6lTs4E5zi+sXVHmxc914NyByHQQOiR2vCNePpt85HpfT3LjEdt2F2SjRqVSRIJhjSJixdLv/VR3cf4g73MKxov7xLjrY+82fBGHpin3WtDPAa+J9FNo4g+JUbb8s0rDiXyrf7lTiuMcVbf2NIjo1zvOz9PVcB22xdP/wAmHYdLAvZz55uS04xiY+o12oB8QCjT9mSlD4rGv42VuB7f0XECqx9I87Ob6iHH/qtRgcfTrNzUnte3m0gweRGoPQrL4vg1CpfLkOxbAg9REFZ7H8FrUXe1ouDXNvnZ3HRycG91w6ReLyjua88kPpMWT5Hp/R+D1RCwfA+3IzeyxcNNg2tAa136hJy/qHd/St0CnVJraMGbDeGu21r/ANHLI9pu1raIdTomaotmgFrT1mxOo6HXQhc+2naM02mhSIzuHedY5WmxEERJE+CwWDwJdAGnn5LNlzPfbJkyZNcISrWqVXF1R7nEkSTuYyTa2hI8zzVhV4fmaHCZIkzeSdSTzJKn4LhhEEj7+5Vu3B206JZx8clHkyLxUYBkc5pbJBaSANDYj9IPkE3g/Ha+HqioHPewANeHOc6WB2Yi5jN70HaT1Wpr4dgIDhY2y7lQK1GkJbkABm3e38/uElNS97GSa5R6gDKJXnVbtBVysYHkNawMIGXvRbMTEzGwIHipHDe0j2kBxLm2kG9rTlnQxoNFdPVQ3ov+IjeSkzKiPaGYyYeu4HQ5WNHxdPwS/wD5qpMHDPH+bP2WjuRpWG37fkvMyJWdf2na336NZvXK0jxs6fgpWE7RYd8AVWgnZ8sPo4BTtA8GRLbT0XEoXNr5Ei45pwKkqHIQhQAoKVNTgpAEIQgBUiVCAEWO45jDiXGk12XDsPfcP/kI1YD+X5+Gtv2hxhDRSaYfUkSNWsHvOHI7A9Z2WfxbYZkYAGjbw5LPnvtWjXgjXqf8DaONaxhawRGh6J1HHF7j3jOX4KlwjMzzLg0MIBzakGVydxOlRqFjHZ6jyGBggObGxaTmzHW4FoN1lXe+RryLuNM6tnNxcARIUSpXLTHoYv8Ad13dUAzOOkAT4aqnrY7Mbm3IyOcRFjt8Fa60uToYIb9izOJMa25xf709UMxekzqQS2TayoTWHWZI0MX0ud/JT6JBAJO8AWOl5voo72anhSXJYtxVxMxOv7wu7cUNDI8R6WUamzkZ8FJZQm99IViplNKSk4zwdlQOc0QYJIA1i+ijdnu01XCtfQdL2hjjTJ1Y7Ro73vMnbaIHIXmIwzhobXg8vEeKzmNZmLbEXIOtryQPEx6BV3TnmfInV5Y/0td3OvH1TI2GYXvL394uJc7aSTJNua0GBwbTET6rlhWsptlzb7Ai8cyToFZ4ThuIr3gtafxOlog8mi5+XVVQ9cJbf2PLTLZIBYz3nBscyAfRQMTxLOSyi0k/mAJd/i0X81osF2Wosu+ah62b6DXzJXPj3aGjgwGAA1CJbTaNB+Z0e6357bxe4yUuWkvyX4+nq2lPkzzOC1cvtKrm0WC5dUMH/rrPQwVDogPJbQY6sR+OrmZT8W0294/5OHgVJwWHq4t3t8Q7NbusaXBrd5aAYB2m55qxeHNbla3KBYBsaeCmcESt/wBzp4+kxw/Vy/wiKODNkuquzO1hrWsAA2GQAR8eqqsfhWtf/wDzeCCTLTctOovuNuY6qFxTiFdp1IbMSJmTsVAc6btzB4zQ4Em7QIEHcgkXS5FD4SNl/p8XO3rf24NbQ481jGMkF12xNzBi3PZSW8fbbW8b6SLef7LJP4W+oRVpNae6X+zLmtMtJ7zRIzAmI6kqNSfUe8U3tcS095pt3iJuTYAEjZNOTS0NGLE5SXt5PQ8JxZrzEz4LtiOH0qolzYdpIAn1VPwqiymANXHXlPSVcNeef34K9crkovSr0cFY7grqZLsPVex3IO7vm2MrvMbqRhe09Wk/JiqZA2qtFo5uAn1EeCk1MRA2Pl+6i164cIPoQo8eB+1ZFrIk/v7msoV2vaHscHNcAQ5pBBB0II1XVed4biT8E8loLqTnZnUwIIB95zdgQdrAzfYjeYLFsqsa9jg5rhII+7HonmtnP6jpqwvflPwyTCUICExmBCEIAchC4YmrlY535Wk+gQSlsy9bEB+JqOmzWhregEz6kri+jMmD99Fy4MZa8nVziZ31sFaNxDRY3WS57vJ0qnXC9tIx3EKYxGei0PytaHOLLHMHAi8a2t5rp2Y4U5jC+q0+0Jc3O45n5AYBnYkXgRHy1edx0Aa28nfyj5qn4zjQ3ut8T1tzQlpC4sO75IPGsZENbYREyYG0dbLPPrmdZvcaeWun0TcdisxMuPTNufqodStpJn6nX9lRT2zt4Y7VontrFx0687DWRtZWGDqSbeNrwJvCoG1b2jlf1HgbfFWXDa94MX3JiPH4oTNFT6TY4ACAYgc53HxCtGNOpFuaoOGYmYB39Vd0ag2JhaJORnlqjs6iHaKkx9JrC58CwsY3O9/u3VX4qQNVQcYqNymRI5c5sI6/yoyPUmWsfxJc14KOhXqtqNrtDXNpua97JaXZDMuLTeCJIPQFer03BwBFwQCDzBuF4Ljqj87n53BxEEsMd21r6t2i/wAl61wLi7W4BteoYaxnePRthA5mwjmU2BTKaRX1XT1My1KXsteX+4vbDtG3B0rQarwQxusbF7h+USPEkBeXcMrOdVNSoS97nZySJdP5jrYAaRAA0suXGsc/FV3ViDJ0GzWD3Wjw+ZPNW3BuFOf3nnK0i5tcamwEnxM7KXXc+DpYOnnp8fq+Z+f8F7gu0QPdDMxHWPjb0VxRxbHgyCCNQQQfiEmCbTpsytHdG53J5nmueNrYfIS4AAbtsfKFZrjky1209JMZXwjHToR6+oWe4twxrO8zTWL2I5dE2pxu59mABNsxk/JT2Un1mS2Abjm0+l1iuKb9I9Y8kLafBmG1H0qjXsIBYxsgiZzfhI5K6ZUbkdUcRneQSfQAAcrLi7snXe45nsaDlHdD3u7sDQho25rQ4HgrabACRmGheQT5NbYfFEYr3yZp7nW2RuD0ybw4mN7mNbWkaqxfUDefpp9VIY5rRAIPO1lBxeKZyt6rb4RolOq8EfEYoi8SNNvlMhRnYgu5jra3rqmvBJkeWik4bCmLpWzalMrkqcW+paHG2hmBBkWtInTxK59mOPuwj4cZouPebBlp/MB8xy8loX4QGxH081mOMcOyZhA+hF/481W9y+5F0/Czw8dLyevU3ggEGQQCCNCDcELosb/xxxX2lE0XHvUjAnUsPu+hkei2S0S+5bPMZsVYclRXsCEITFQ4qs4+6MPU/THqQrIqq7SNnDP6AHylQ/A+P51+6MLgMWGuymYJtdaalimxNliPaToOdv2SvxbgInadTr0lZ96O5WJWanG8WABAWN4ljS7vGY0g80OxUz1iQfHbcWhV2IfJM6/AAhV1TZZixKGRqtW8a9I5bq74B2Zq4iHOhlM6OIkuH9oO3U/FduyfZs1Xe1qCWA9xpnvH836fmvTqVOAAomU3yJ1PWfD9MeTPYPsjhmC7Mx5uJd8NPgu9XsvhyIFMNOxbIPwOnRXpSQn7Z+hzX1WZvfc/6mMqcLdTcWyL6Ei3TwNvu8dKDnt94H5x6fNaDilEOaDMFpBnpofKFVPeQTzkDpoJ/dQqlcM1x1Dteryca2PccrAL6SbeJPgL+Sz3aPiLQQxrjlAvsSZIJ6aW+ydRiXhwbRa675LnSBlZrPx9SFHqdlsPUMuYYB/M8E8pg8vPw0VV13P7DY82NUnS4X5Z5Xj8VGmlx4hWje0BfgaOFaT77n1D/aHRTZ5mXf4tXpDuyuDIynD0yPC//bX4qlx3/H1CCcO51M65CS9hPK/eG95MToml6TRZXVxlyS68J7/kzmFEOygtiwOXQ20tqPncq/wxeGhjRrfz3t6qoo8LrUqrGuYQXOy5gAWwW94TsY+C1PFWNY0BtibSORt8pVseC3PkTaS52ZypxJ2bK50tFxYgNcbRyjTflooWO4lmGWe7BIm2bab+Z8kvEXZmgbCYHT6ydegVFiWlru9IPdPhy31SVbNGKJfOicyqIE+fr9FruDcYawEE5Q1pJjaNPU281hWtdd2zQCembSeUruwjIMzoJcRGvugGel3fA2UTbRZkxTa0zev7SMIs7/Sr6/HHTbkSJtPK6y/9RIbDRIbBJm5EmddfokfXc4Nk3aOh3Nj5R6JviMWemiXwjR0uLPqEjnoB6eqlYbDlxIPKb+o81Q8KeQ7cGQR03stZgKYIB2200Fk8vu8lWbWP5STgcP0kK0bRtMdEmGYIspGWArEc28jbI5ZFxsqDj4GQuOi0FV1lme0FbuuaNTJjwBJ+CSvBp6XbtFV2Qx3sMazTLUhjuUOEtPqRbovYgvnxlYh7Y1D2kHext+3ovfMNVzMa78zQfUSjC+Gij9ZxpZFf1Wv6HdCEK84wqicRpZ6T282uHnFlLTSpJT09ni4qRmBNwY8vH1Ud9brN/EG/1Vh2rwpo4h7BoSXDwdcKjfUkeEadFmpaZ6LFSqVS9yQ5+tjOmuiseA8JOJqwfcbBeACAb2b5/VVIfltE685JNwvUOzHDfY0GgiHu77v1HbyEDyS62J1OX4cbXllnh8OGAAAACwAECPJSAEoRKZI41U29gUxycSmOU6F2RcW6GO8D8lj38QBL59xvecemzehJt68lr8T7p8D8l5zwvBvqlmHIMlorVzuM3uUzyMajUd9Zc0OnwWS9I0PZug+oTWfbMQWtjQAQPARNuZ6BahjFzw9MNaGiAAALWHkOS6BymYUrkKpsVwSBNLrpwTLTBM5YzD52xv8AA9D0+SwHGsWWOM3DdRJJbNoO1o+G23owWR7XcMBlwB7wm17i7gRvIHjI6pu7Rv6O077a/gwHE8cC4BhMRc+IEgKHWrEkFxkm/l+1h8kzGU8jssggHuu5t1H7oY6TsfvQJGdaeOCRSd3XjOW2Ej814891wfUlw5C0cv5XF7HAnod9uhTHG5KEh9+5ZUK7IdMzILfI3+CXDszNcZFgJE3MmLDdV4fyt9E6k6DqgZUX/DasFv3otXw+vBt/CwlCqYsf9/VaLDY6MpaIiLEzfe/L6p5eivPHcjbUqvVSm4qQsvS4lmM6A7DboF3xnE20myXS7Zu8nmre45z6dt61yT+I40MGuqwnHMW51R0yCABBttb4QZ6o4lxN9W5sJ06KucZ1M/H70VVVvg6nT9N8Ll+Tg5/e0vIIja8yvdez1TNh6R/sHwsvC6VMl69w7NNjD0h/ZPqSVbgXk5f6zW1JdIQhXnBBMcU5NcFIGK/5D4XmY2u0XZ3XfpOh9bea81G/34L3rEUWva5jhLXAgjoV452i4I7D1XNPum7Xc27FVXO+Tp9Fn47GN7N0PaYmm3WDmv8A2iR8YC9aYV5x2AoZqz3kWayAepcPovRmBVIjrb7qS+iHkoSJSYUmIUBI5c3Veih4nHhm4lRVqUSpbE4lZjtrdP3VJ2TwHs2Pc7V7i5xMySfHYDymeZUbiHEG1RBecpMQ28mSI16H0Uvh9aGgE6W/10WP4zd78Iu7NSXlN5dfZSGhR8MbKSFqlcbKmNKSEpSIBAqzj8ezJPMDyPdOnirNVPaYxh3/AKSoZp6b/klfc8p7T4eO9lIAdHKxmPD8PqqSlUhajjAzU3gj8OfT8oj/AOqyjiCTslXKO7k9LJLXSTqZ9f55+SVw8/onYMNIdmMGO7bdOe3MSQI002U6F7jjI5R572+CVgvK6CgU8MJgHlHgOiNDzR0o2+H381OpVTlLpEAgRIkkgmw1i1/JRadLdd6dO4BMDnGnVQXJi08S/UE/SyWpVcQMxJ19eaG079AurqYdJJv3YAFusmbWUaHTSZGcZsPPrsulKncfiALTcWMQSCOWo6hd6TAGxA94nQTeAb6kWHqea6mgYcWiQ256D7CEgrJwRnXeGgautHVe48Oo5KbG/la0egC8i7MYX22KptAsHAu8G3JXs7AteJcbPOfqWTdqR6EIVpywQhNJUAIVV8c4UzEUy19jq135T9Oas3FcHuhSTLae0Ynslwx2HqVmPEO7gHIjvXB3C14UWq+av+Gv+RUkFZq4pmi6dabHBMqFOCY8XUPwVlZxrF+yply8ddxKti6xY2o453QGj3QN3u5jf0XtHFcG2qwsdoVlcF2dpYYEU2wXGJ1J5XVNWp3+C2H9CJi8K2lSa5o7lJj3j9NNoDD/ANvmo3ZLjAqN9m+S9oAJO8CxPWI85Vr2opxhajAIzMyN8Lx8SfRZfsHhXgl72uBkgSIkCGjXW8/6SNS5bfsOmep4TSFMhV+GJyjofgrBX4q3JTS5EKRKSkTMhDVUdpf/AAO6wPVwVuqLtPUhgFveBvyHzuQkZq6Vf7i/cwmKYO83UCm8HlNzbpc38bLH0aZdAHLw0kzda/ijoD4ky0gekmPh6lZksEDuwYj+VCR28z5QuGbCmPIJJAgHZMoNAmTAg9T4eqcG2mRebbiOfRMIgayBNtfuy6EiAI5ybyT/AAuccl2yudAu6B6NH7KGNLAFd2U8wJECBNyBPguAAAvM2jlG8rowzEmBPKbTcjmoLVR2YF0qMiLg2BttO3imB4giJMiHHYCZEaXt6Lo0CBAvP3b1ugbuHuYWEgxPQgx5hR6zphds+XQxNiROlifvopfA+GOr1WsGhN+TW/iPomlbZTkydsts1/8AxxwnK11dwu7ut/SPePmbeRW7AXHB4drGNY0Q1oDQOgXda5Wlo8zmyPJbpghKhBUMcmlOKaVIDHKNVUpwUeo1BJWVffb1Dh8iP3UxqjYpl2nk4H17v7/BSAs9rVF2/ShwKC2UhSgpRSPU5KvxbbT99SrOvoq6s7M4N8PTU/JUXOxkyFxChmYAbi0gwRP+yU3DYSI9VZOZO32F0ZRgKt422Oq4H02QFK2XJjIXWVohdqEfIJiWU1ylsEBWS7TVM1QNvDWn/s7QfBvqtNiKoa0ucYABJ8AsDXr53F5NyST0uYA8oULlnQ6OPU6+hS8aqETBgyG+tyf/AFhVDXAX1tyGu48FL4q4l9/U7ndQsvnCbRsrIqrj24OtNoJFrG1p5apDaPD7+aBoL+Qt6kp7AQbT4/CQoGVCMA6z9/HRPDbxI2vePkmsF9dbWXXLqbc4G3S/7SoY6oc0feq6UXmWyT3Ta+m4idL/ADTWkEczPwjlHNPa2xB12/fojQ/cPc+SZn13nwugxG/8prGOJ0v4RbfoBsrThnC31DAbJPw6k7BCQt5Jlcsg4fDOe4NaCSbAazPIL1XsrwT+mZLozuif7R+Wd73P8Ln2e4CzDjMYc86uiw6N5eK0bAtMRrlnF6vqnk9M+B7U5IEqsMAIQhADSkISoQAwhc3MXchMIQBBr0pBCj0nWvqLHxVk9qr8TTymdj8HaT6fd1VknjY8v2HEpJXOUZoVGxxmKdZV1F4c+Rtp85VV2u7RigxwZeq4EMbrc2BKrOy2KH9RVpBwd7PICQZl2WHPPUkFVPuddy8Da4N01qemNenq4QUJyaglLsYCVzc5K98Kt4pj202OcfLqdghseIdPSKntRxEACmDdxl0ahoOnif2KzTTA0nolGes/MbucevkOkQrylwuAAfsq3HGzoXknDHavJm3YbMIIkKFW4Vu0x0P1W2bwzoh3CuivcpmFZGntM89fh3tjM025XH+kheDf7lb53B1wfwAHVoPiFW8a9i+epa8mIaJvv96KQ1nNaz/9Zafw+ll1pdkm9fUpXjZausn6GWZT5SdL+HJTcPgnPNgT4aLY4Ts2xv4fW/zV3huGNbshY/qLfXf9UZThnZ0mC+3Ra/AYFrBDWgD5+PNTKeHAUljFZMpeDDkz1fljabFIamtanhMUMVCRCCBZQkQpAEIQgASEJUIAY4KPVZIupZCY9iAKeowjS4+P8qq4pXqNHcYXeEGPJaOtRVdXpkKqsMstmjyftlwmtlbiC0tDXDP3m2aTAMA2M/NRv+PHPbXe+JY5uWZE5paRAGsCZPVelcSwjKrHMe3Mx0SL3ghw06gKB/RMYGtaxrQyMoAjLBm0fZSvF6XKG7tvZo6J0XcFRsEQ5oM/fJdjZU6aXJA+U15Tc6rsfxBjNbn8o1P0UDzLb0jpjsU1jS5zoAH+vNY3E1amKqgMa6J7jRtG569dlb0+D18W4Of3GbTy/tGrj1sFr+FcJp0G5WNvu46n+OiujE/LL/ixhXHL/sVXBuANot73eedTsOjfqrD+jHJWoYl9mr1wYryVT2yqGETv6XorP2aX2akjZV/0o5Jwwg5Ky9ml9mgnuK9uFC6twwUsMShqgjuI7aIXVrF0hEII2IGpQlhLCCBAlQhSAIQhAAhCEAKkSoQAiEIQAIQhACOauNSiCu6CEAVVbBAqBW4etEWppphBOzM0qD2GW+Y2SYvF1Gi1Jz/0yT6AStGcOEn9OElQqGm9exm6GFrVGjOSyfwiC4Dq7+FYYLg9NhnLLvzO7xnnfdW4pBPDUTEz4JeWnwcmU11DU4BLCcrGgJYSoQAkJYQhABCIQhABCIQhAAhCEACEIQAIQhAAhCEACEIQA5IhCAEQhCABCEIAEIQgAQhCABAQhBIIQhQQCEIUgCEIQAIQhAAhCEACEIQAIQhAAhCEACEIQAIQhAAhCEAf/9k="
orange,https://encrypted-tbn0.gstatic.com/images?q=tbn:ANd9GcTm0pVS7-4UPTh4ibO2U1m_aas296WhqDbaoA&usqp=CAU
papaya,https://t3.ftcdn.net/jpg/03/12/06/60/360_F_312066045_cfz8S7qiuiYSAIQphk4PZGKlmKJGiQXA.jpg
coconut,"data:image/jpeg;base64,/9j/4AAQSkZJRgABAQAAAQABAAD/2wCEAAoHCBYVFRUVFRYYGRgYGBwcHBocGBgaHRkYGBocGhwYHBwcIS4lHB4rIxoYJjgmKy8xNzU1GiQ7QDszPy40NTEBDAwMEA8QHhISHzQrJCs0NDQ3NDQ0NDQ0NDQ0NDQ0NDQ0NDQ0NDQ0NDQ0NDQ0NDQ0NDQ0NDQ0NDQ0NDQ0NDQ0NP/AABEIALEBHAMBIgACEQEDEQH/xAAcAAEAAgMBAQEAAAAAAAAAAAAABAUDBgcCAQj/xAA/EAABAwIEBAQDBgQGAAcAAAABAAIRAyEEEjFBBVFhcQYigZEyQqETFFKx0fAHYnLBI4KSouHxFRY0c8LS4v/EABkBAQADAQEAAAAAAAAAAAAAAAABAgMEBf/EACQRAAMAAgMAAgIDAQEAAAAAAAABAgMREiExBEEiURMUQmFS/9oADAMBAAIRAxEAPwDsyIiAIiIAiIgCIiAIiIAiIgCIiAIiIAiIgCIiAIi+SgCKBiOLUmicwMiRlOadOXdV1TxI0AQwgnnoNbkjb9VnWWZ9ZecVV4jYEWinxfUzGGtgg5QdoJ1uOi9UfFlUkyxoE7zAAF79xvCz/swaf17N4Ra3hfEwPxgaEy08o2O19eytcNxWk+AHiSBbTVXnNFeMpWKp9RYIvi+rUzCIiAIiIAiIgCIiAIiIAiIgCIiAIiIAiIgCIiAIvhKj1MUxrmtc9rS6coLgC6NYB1jogJCKuqcawzX5DXp55gtztkHqJt6qbTqBwBBBBEggyCDoQVG0NMyIiquP8SFCi58+Yw1unxOsDf1PolUpW2Sk29Iz4/iNOi3NUMDQQHEk8gALlaNxnxG6s4tY4taB8IMHLzcfUWHLfVVVXGPqOzucTJNibAam2l59d7yov2ADnOBazMZcGt+JxtIy2gkG1uXQcGTM76XSO2MKnt9szNrun4hcaeaCdiYNh3m+6xPqOOusEyHEmBpBjfXedl8ZTBD3U6ZzSc5zBxEiRmaYBHIiIvpv8YXQMpIkE+ZoB83KCNTFwufWjoTTPb6rPI4ZS86S24PbWdtDH5Yq9Y3J5w4DMCMpB0AMW6jW+qV2kHytsZF8wjX4i4W6AjmheSZLROhIiG6A9XT76esokmUcdmbDZIcAdjMkARAsOtx5iJsFnwmLEzlAO4NoIm2g5k3VdUoxAAYSSflcG5e8mxDtRuCQNlm+0AMFpFy0tmQ13KBp2NhKa/RGzcMBx17SJl7bSNXAGbtcYJ9eWoW04fEseJaQecHQ6weRXNMMCC2THpYbm53MA3Py9VZcP4kaNTMAdYc2wBbEX9TIK3xZ2nqvDmyYE1ufToKKPhMQHta8aET26HqFIXenvs4mtH1ERSAiIgCIiAIiIAiIgCIiAIiID4ii47G06LS+o4NA56k8gNSegVX/AOI1qsfZsNJv4qjQXH+lgPl7uPoobJ0TeJcXo0AftHtaYkNnzHsBf1VJiPFrnf8ApqD32+ItMbaAG/uFLw/CmNOZwzvPxPf5nE9zp2EBTg1Vab+yU0vo1FtTimIflc4Ydm5GWQP5YlxPqFsvDsA2k0XL3xDqjzme/u43jppZSJXuVMpIhvZVcf4dSq03ve1oe1tnwMzY0vyufdU38P8AiLw6rQe7MM7nMl2Ys5t55TPoQ4btVx4nxbaeHdJ8zyGN7nzEnoACVoPDn5C17BdrrR+IOmD+LlPMbWWGSuNJo3xy6lpnWeI1HNpvcwEva0lrQWjM4CzZdYSea5dx/iX3ivma/NTDWxHwuOWc0H+qNNlu/iDijW4P7wwhrsrSwlocRnc1rgLyDBIsba3iFyrBVbWP8sb9/X96qnyK2ki/x59bLYMm7dJ+CdBOoOoN/p7epLfM1gtqIDT0PQRvCwUKoFifMBMmNBe17jVZvtCBmIJIiQQLAiRodehnsVzHU0yWIIl0wTAdGUsJ1h23NRalLJBHma6SxzQbknNa8AwY0H9kZVkHPYRIhpB6mYn/AJusjq5yta8y1x3GXNuIHyuBAI2O0TAelPGR6b83xHtJ+K++tpIGliOgUerUsC2A0Wv5WgRaMxMbCZ1AHRTcUwNIkEgjyv8AKAXTYGSZPKQYOk3JjGoWkgBrmxeGukWkZyZG+tteRKjRfZJbVbq8yYNi/wAxnbe1/wA7yUqFgc4VCcj7zLC2SZIMumZIAvCjmsTB0BFsvyzAAABsCfz3XqnhS5vkdJBHw7GQbExqJBH0hSQemYvL5c0kaSCZgZr9LfuVPfigWNNpiAYBDbAgEmD0tdV76v2ZAdcmPwxFgYGwkajn0U3DNY6QcsEG0C5IsBpqM3+2FDRJsXhvieR0OgMc47zBOjh33K3hcnoUg2Q1xOW1zHlty7fXqug+HsYalIExLfLqSYAEEzf9ldfx7/yzjzx/pFwiIus5giIgCIiAIiIAiIgCw1a2Wyhcc4l93oPrZcxaBDZjM4kACQDz5LxTe5wDnCHEAkaweXpoo2CZ966LBiaznCGODOZy5jEfLNgdLkHsvDiseZQ2CLT4bTD/ALQtzvOtR/mf6E/COjYHRTQVjJSVXkPTJmX2VjlA+19k5A9hQON8boYVmes8Mkw0Q5xc4gxDWgmLarV/GXjpmEhlFueq4TMjKwnZ7Qcznfy27giFrHhjwxieKv8AvOLqv+z0DjBe8C2WmCIYwfi5zqbiU/0WU/bJvijxvh67m5Kb3MYCJeA0EuMEkX2Ai1uh0qsNVxZaXUsLWc1xDi77F7g6dw5rQTte/Pt1ThPhjCYW9Gi0O/G6Xvno58lvYQFbOeqPEm9s0WVytScixVPiVTDig7COyNdmEMe1wkklskmWyQYjUDkAqc4LE0j58LiA2ILsjyCOZOWNb6iF3MvQPR4ZZCzNHEcDxQPhssibTcdg20npcAxros9WpmAJJJbe2XS0QDb8Vhz0sujcZ8I4bEl7nsyveZL2HK4nmYs7Qag6LS+J+AsTRBdQeKzNSy4frfKLmYjQkm+ixvA12jePkJ+lUzEBoDWgC8wCIkmRmBmbdDvcbSqWMFmuGvIzBMRqRNzrOsKlDy1xa5jmvbbIAWkRzG41U4Yp8ZoOUzY5iJkyBFnA9TaNoWLnRty2Wv3lmXICHAh1w2CXD58pEm8STbyk8iozHuYS12WSdZDiRpcAARpMDyzaxviD8zszgA6To0QTa9okzvJ19V4NZziG+ZzRf4JcTBmIFwbzqbW0UpFd9kphLycoHlF4AMGRImN/Mb9dF7aQHwY81pnSTI2mdLnTW+8PPknI0wTq0kSDB+YiBb0MrHXrayZ7Ei//AEfSE4k8ibiazbQXQdZAAbeBBi5Ohm0jmn3luYRb6AaWF5H91r7q5MxoL8vb9FgNZznCLW+u2ycByRvFGoCIBudY5kbAdxotm8LVCyvl2e10XEWuDrc9hNyuZ4Wu9jhmdyM201ie63LglUmq1sXa9puJgEy4QZn4fqEnc0mReqlo6mCvq+BfV6J54REQBERAEREAREQGpeM6hdUwVAaVK4c7kW0odB91ctWueOq32eI4fU1a2o4EbefI2Z5wSfRbEwqq9ZL8R6cFhKzrC9qikQjyCvq+EL60KhJ8IVV4q4q3C4Z9R1yRDRIkk7D2InqFdsbH6rkX8TeLmtUpYemMznBoEXs5wDf8znXnYNbs8yfXX2y0zt7/AEQ/BPh1/EsQ+viHZqTHS86F77wwRpzJH/ykdqYxrGtYxoa1oADQAA0DQADQKq8NcMbhMLSw41Y3z9Xuu53qZ+inl60laRWq2z256xvqALFiaoa0uOgWu4jGEkkn0UVXEqlsva2PYN5PRfKePBWsCoSZKmUHrL+R7L8UbOyoCsgKpqGIhTqWIlazSZRrRA8ReHKWMZ5gG1GjyPi7ehgjMP2FyjjOBxOEeWVJBIgOmWvboCDvbt7ruDConGOFsxNN1N4Ewcrj8p/OOf8A0q3Crs1x5Guvo4S2s+Jza9hp0A06qZRxObMHmRpYi/OD3A9iovFsA+lUNNzQHsdlMETaSCNA6SRBtrtCg4fGEyLkiZBuZ3neyw49G++yyxGKLRlyEAA3mIbMeotty2WF+P8AKRztA53Gs3Gl1hdi3uEgkci0XHSfdR8Q7NDi4kDrJE20m3/CJE7PGI4idPyN1jc9waDJBItf5tpUevSIeJAj98llc8kAbD9haaSSKbLTBVi4Nzb9/wC/7uuj+FqU1WEnMHObFiIg3kzfnK51gaM5Bs0RG5NtJ9V07wPSc57d4lxjl+y33Ky1ukX3qWdLREXacYREQBERAEREAREQGo/xIwxdgnPb8VF7Xg7iDlJ9nT6KbwbiDcRQpVm/O0SOTxZzfQgq4xeHbUY+m8BzXtLXA7tcII9iuScG47V4a92Hrtc6lndt5mkWLmbGdSDzHrVtSyyl0ujqIQhaq3x3gyYDnk8sju8d1FxHjxpJbQoPdAkmo5tMAcwPMT6wqu5XrCi39G6QFR8U8T4egXMz56jdabPMQYnzn4WepWh8T4/ia7i19YsF4ZRljCQdC+c7uxseip2NDHZHtmTYDKxpF9oibm9vVZXnX+TacL/0bG3jOIxlQAkClIJY2MoBkQd3dzboCQq3wtQGK4uapu2kHPBtlhn+Gz1Mtd6LPgB9nRqVRoGPLTEOADBY/wA2b0OtpUv+EmFGTEVzOZz2sF/lY0OPqS/6KmH8qdMvl/GdI6JWfdYs6xvfdfHPgSV1bOJlZxPFFzsg0H1KrSFIrmSTzJPusQXPT2zRdHkBZmLGWrKwKCTOxymUXqE1Z2FECzpVlKY5VlEqwY9bzWyjRReN/DX3qlnp2r0wS0/jb+BxF+o5FcR4wHNc14Dg4yHy2wIsJtYmT9I0X6SZVXJ/4l8H+zqGo0DJVmOYeJPrfTvGwiKWuzWK30znbXbG8C5012vryUllQAQQCD0Gn6+t1GaXMkEuaZgi9+hHrvzWejBJFjfYT69As2jTZIFAPHljtEXI2H7+il4XCNABjvyvvfXZY6FI6AgTYAnYc1IdTMElxveSIFyCSY/JVHRNw7JNwJ0gz3Gm2nsuueBeFGlQFR/xVQDEaNuR7zK554B4G7F4gvfP2NMgusIedmX2+EnWwje3aKVMNAAAAAgACAANlpjjb5MpkrriZURFuYhERAEREAREQHxEVZj+MUaL2MqvDS8EgmzbQIJ2md+SrVKVtgsiVrviXw8zEjNOWoAQHbHo7mPdT63GsO0ScRRA/wDcZ+qo8f42wrJDXOqHkxpj/U6B7Eql1DWm0FfF72aLiqNTDuLXgs5iNeRBbqBH7MqqrNeXf4YcDJEgE2cQTodwALaA7WKv+O+MH1xlbRY1uxf53dxoGn0K1ipWe4QXW5CGt6eVoj6LhblP8ezZ/LWvD5Wc4zmDWGRMn5QT8o8zToRbYeuOrXa+M5cCIOZkSCN/ML7GLXmIWNwPILw1jiR5ZM6QTPSBqipGT+TbNuo0XnC4hkDMaTmCS1rczmneBq0jYfDBVt/CxwOAnc1Xz/t/tCpi6oKFZoLQ9ry5tmGGh2WXNdIcYz3iPJ72P8KK7X4fEMa0Ny13PDQfha9oIb6ZSJ6LowfZvle5TNueLrFiT5e5/wCVMLLrFi8PLZGo/ZXRXhzL0qXtUctUtzVGcIKwZc8hq9gLyXL0y6gGVhUmm1RmCFJpuQkk0wpVNRqYUqitJKsyNVF434Z94wj2tjOzzsnQObz6RKvpWDHgGm8HTI6e0FatdES9M/OPEsQS1ssiWw10ObDmkZmi+VwGl7jMNgAoOGrPmGzK2HDtd/i5pgVXB1szJcZh021mJ1uplDAsdo0NPNkD/aQR7QsKyqemiztKtMjYZhGXO6SNuUrcPDvhmpiSwuGSk4mTmAe4ATYG4BsJ5G3NPDmCw7JzOl+Uw540J5N0Hcz2XS8A5paC2CP9U73O6Rqvsu8k66J/CuHU8OwMpMa1g/CGtnq6AAT1VgolJo5D2ClBdC6Mj0iIpAREQBERAEREB8Wm/wAROGOfSbXYJNKcw5sdEn0IHoStyXwibLPJCuXLIa2tHA3AbfosRaD0W8eKvBbmE1cMC5lyaY+JvMs/E3+XUbTto5fFjtYzsRsvKuKh6ZzVLl9nk0+6GkOZ9l6zjkvDn8lVbJR8dSH4isLqbfxH2WUzqvJnmrosX3h6s0mozUvaCQTAkQxzgf5pEiPppk8Gj7pXyPJP2xIcTYAtuywtuW9z0tS8KeW1WHYy09nCJPIAwSeiu8SxxDmMeWvkkObZwmzmh8ZoJjSNCea2x3xZ3YfzjX6OitboVJaFo/C/GIZkp4lrx8LftQJZcWc8ajqRPOAFu1KCA5rgQRIIIIIO4I1C7ppUujGpcvsh43ByczRrqLe6q8VhXN+JpHXb3WygL4XI5TI2anTZKzimrurg2H5YP8tvpoo54fyd9FTgxyIDWLLTZCmDAx830WX7u3r7pxY2YKYUmm1eWsA5wsjnq6kjZjc8rDiqgDHuOgY4mZiACTosxWs+PuLfd8K8A+er/hs5+cQ4+jZPeFLErbOVUsY+m9z6Zcwl7nEB1w4yS05viF9Dqs1figqQXMY14N3tGTOP5mN8uaZuANbyo2Iw2VrBJJ1ygSS8mHadGybakDt5DCBeI/qY73DSSFzWk+xlb3ot8LjTa89CQfzV1geKFhBaXNPNrnD+8LU6TQdPzhWNFh2n3/Vcz6MTo3C/GL22fDxz+F3uLH1Hqty4ZxmjXHkd5t2mzh6b9xK4pRzDsp+GxRaQRII0P6EK8/IqPeyypo7ei0ngPivRlYyNA/cf1cx19+a3Vpm67ceWci2jRPZ6REWpIXxFjqkgSBJ5WE+6hvS2DIi1biPiOqwwKOXq6T+UD6qqf4kxDtHhv9LW/wB5WL+RBR5Ejfl8lc3rcUru1qv9HFo9mqK55d8RnuXH8wo/sJ+Ir/Kv0dKqY6k34qjB3c0fmVrXHcLw+vJqPZm/Gx0O9S2Z9QVqxtt+f6LE+/L3KpeVUtNEc9/RW8W4LSaSaGIDx+FzHtcB3DcrvoqWpQe3Vpj3HuNFf4hnX2H6qG/Cvd8LXfvssHCKdFP9r09kdUCsXcNqE6e8T9bqTg+HFpzOguGm4HUnc/vtnbmFthvREwdEtIcZzbAajv16fsbA95DRaSGmOzhEdhy6LDRwwGnv+9FLdSzNgnsdYgEC2+q5lm/LZvgzKK78ZRVKYfnYby0RJMiHZiTto1vX6LDwrjtfBuIouBYSZpPksn5iGgggi8lp5TNlNxFItdeBN7TAHLoDM/8AN1FfTZAe4EgHzZSJadrQM1yG/wCYdx3Reu0ejUzaN94J41w9eGVHNo1SG+R7rEuAIDHkAO10sZ2WxOdC4diWNqBzi0knN8IkTqJkweX58l64fxbF4ZwbRqPIAtTc17mAf0HQdRHouqcqfpzVh14doe8oKmi0DhX8RW6YqnkM2czzNjq0nMPSVteB4/hq4BZWYbfCXZXDu10ELRNPwxcteotH1F4FRR34thIAey/8w/e6jYjitCnOetTZGsvaD7TKEaZZFy+DktUxPjzBsuHueMxbLGOIkCTcxOouOYVXi/4mUg0/ZUnOcBIzERExJDZPom0WU0bziazabHPe6GtEk8guN8f46/FYhzzam3y02ESYtfXyuJuewF4WDiniLE4t5Y5weAZyjy02RbMI1jWXE6leabS1zsxzP0J5cwOs7rO60iyShbZGxBu5pJkEc7hwJJMEg3gzvm7R9ps5FTXYYO1mdnCPqN1YcN4K2oQ0YlrXfhdTMnt54PosG+XSOaq5Mq6dInl6qyw1A8vZbHhvBek4gdhS/wD2tiwHg6lbNUeewY38wVX+G2/CeLNMo4VyztouH/X6Lp2F8NYdoHlLurif7QFZUeHUmfDTaDzDRPvqrf1W/RwZymhgaroLab3f0scR7gLe/CVSs1ppVWOa0CWlwIi8Ft+4I9VssL7Ctj+LwrkmXmdH1ERdhYIiIDE+mCIIBHUSoFfgdB2tNvpI/JWaKrmX6iGkygqeFKB0zt7O/VYT4Oo7PqD1b/8AVbKir/FP6I4z+jW6fhGiNXVD3cP7BSGeF8OPlJ7uKsMRxGmwS52XoQ6T2EX9FRY3xQ64o0yf5n2Ho0XPqQq0sc+lXxn0sDwXDMBcWNaBqS4geplUHEuO4RkijRbUcPmLYaPU3d6e6pca6vWdmquc7kNAOzdAo3/h55FcmTNXkLRm7/8AKPGMx9SsfNAGzWgNaP8AKNe5krwymRqpDcIef6rMzh7zoxx9D/eFxvHdPb7M9NkdpXl9UATPqrWh4drv+KGD3KtcL4WY275eeq0n4l1/w0nG36aLVFSqQGslo5i5nU9AeX6lYsbhHsHmaQANTsNLGABET0BK6i3hzGjytAUWvgT+IjoAyPq0n6rtn46la2duO3K19HKarJeJEFv+Z9wJIj92I2WLEN8pkBwAE3iDMHKTpta1g3kt3x/hlji5wJBMzZupvystfxHBKjLHKQT8oymJ/OL67KHjpHQsks1irRaHOfTADQfg+IAfFMPl1yfi5HRR34NrvNoJ6esGD00CvMTgnxc5eQyvGnUW+iwYjh7iM2UFtjBBs69zIAJO0R6TAlNhpFBV4e7Vzom4lo8w5nt15ph+Hl0Br7G5hpsDAnlrpuVeOwZNnAHylsReSCAY56ctFIpcOLAGxM9WkcidNb77QO1k2UaRXO4S2oWtDgAxkZI8wcS422cby4Al3Tljbg2MEtLSRrG+9p1/t6LYcPwkm149t59TO6k/+U2uBhzmzred537q2qaKVSXhqFOpAIYMs62EEcu1ztustIHv9Vsz/BlUfAWu+hUd3h+uzWm7uL/kqVLOa3VPsr6KlCmDqF7+6ub8TS3uCPzWRrFlUmLLjhHFqlOA7zs5H4gOjv1ldA4PiqdUAsdfdps4em/ouYUVcYKuWkEGCOVjbdWjJU/9RM00dWY2Ava1zgfHg+GVCM2gPPoevVbGuyaVLaNk0+0fURFYkIiIAiIgCIiAIiIDyVGq4Nh+Rv8ApH6KUvqhpMFYeFNOsegXwcEp7iVZoq8J/RGkQ6fDKTdGBSG0mjQAeiyIrKUiTC5ifZLOiaBHNFeHYaVLRNE7KypgQdlDrcLB2V8vkJobNTrcCB2UCr4baflHsFvP2YXw0Qo4otyNDPhwWsslLw8BFlu/2AX0UQnFDkatS4KBspbOGAbLYAwcl9yhTorspBgei9jC9FcZQmUIQVP3Jp1aD3Cw1PD1B/xUmejQD7hXkJCNJ+jSNYq+DMO7QOb2cT+cqJV8ED5ap/zAH8oW5oqPFL+ivFGiO8K4hvwuY71IP1W1cGNT7MNrCHttOsjYyPb0ViiicSl7TJUpeH1ERakhERAEREAREQBERAEREAREQBERAEREAREQBERAEREAREQBERAEREAREQBERAfF9REAREQBERAf/9k="
cotton,https://c4.wallpaperflare.com/wallpaper/540/178/505/field-sunset-branches-nature-cotton-hd-wallpaper-preview.jpg
jute,https://media.istockphoto.com/id/1185911458/photo/jute-plant-stems-laid-for-drying-in-the-sun.jpg?s=612x612&w=0&k=20&c=wKrT30GXG12xC0cJbxrOIr5HvjmzRvcTUtYCfi_lgNI=
coffee,https://images6.alphacoders.com/715/715419.jpg
